1.00313996891259,-0.0155184388324016,0.020472421787425,0.0153862243895385,7.74493843042918e-05,0.0131875987182774,0.03443089190566,-0.0386932550903767,0.00479359575229148,0.0112679981639574,0.0406789545895445,-0.0392562850161852,0.0285176318439588,-0.00161927729687069,0.00561769027222728,-0.017318369473424,0.00220036553301548,0.0775517613872691,0.072872968098672,-0.0152640909244116
-0.00232404097805027,1.00057011108517,-0.045578098539096,-0.016382186313358,0.0550414686819553,-0.0176079903937986,-0.0245115464301118,-0.011509666125471,0.0427525526542713,-0.0157803967531077,-0.00767479964446953,0.00984147056331039,-0.000703840990371681,0.0154800090692811,-0.00922171386782467,-0.00657228375741672,-0.0101968089137579,0.0280692731413468,-0.0243582641438622,2.72634541531389e-05
-0.00114299307338629,0.0236997951943896,1.00333996541773,-0.0501732874207575,-0.00033572422076303,-0.000163046298659739,-0.0112038630822388,0.00592693099296946,0.00901756860463344,-0.00356106471706972,0.0041696436022882,0.00232444014212424,0.00413885581424264,-0.000402234499582301,0.000666173520336412,-0.00128119564463725,-0.00129007875442149,-0.0093723013663269,-0.0069128921290491,0.00280162510006602
0.00287111758705798,-0.0252100220198285,0.114267666953485,1.02238478103452,-0.00267053218615484,0.0147395747080009,0.076698916721004,-0.015952219411884,-0.0864904806748841,0.0422173876815128,0.0231442159322223,-0.00734140620882711,0.00915004907131899,0.00465229673500995,-0.00239303045776108,0.00582911482740268,-0.019758863425384,-0.0256947146583112,-0.0900667080011972,0.0115922445486411
-0.00841251056332974,-0.0505133443448002,-0.0291485335063567,-0.0479055680885521,1.00430593554483,-0.0104311756707407,-0.0251204712837622,0.0169008818592564,0.0228621580251518,-0.0215094289799151,0.0447670497691766,0.0228825209687583,0.0243883892378612,0.0354015784985175,-0.022120633655297,0.00410297868193705,-0.0559016642331228,0.190350882086547,-0.0798476694671315,-0.00418602149156233
0.00464306256483903,-0.0307060225792599,0.060369743665757,0.00127142508594626,-0.0272725699399318,0.981926364265879,0.126219414578309,-0.0218223596686105,-0.0488700444953912,0.0289578356374336,0.00507702347460311,-0.0130289705565776,0.000572980932501017,-0.0021757698511697,0.00727609071139899,0.0155571087343445,-0.00727477541691802,0.017911894205797,-0.0190026133854645,0.00110158465166644
-0.00302715821294277,-0.0174487998927162,0.0376379200426459,-0.027469095260868,-0.00273317472876157,-0.0831506819934299,1.01064093755985,0.000139050949252493,0.00888201758419913,0.0180126215242491,0.0137382656738338,0.0153361977548523,0.0146110414545028,0.00476258806504017,-0.00166010469373973,0.014161611851749,-0.0192271412049579,0.0146291432477004,-0.0566774351055427,0.00471847169320485
0.0110243274002873,-0.00293551592728948,0.0309628126946399,-0.017856679095694,-0.0155030334868147,-0.0155477741942278,0.0410237904487057,0.946730522749927,-0.0944595350756702,0.0648139970737513,-0.0179712796619908,-0.0436986717571764,0.0271548160347606,-0.0167358106990747,-0.00176947879994047,0.00507039852583646,0.0141708165130558,-0.0412303841791929,0.0297937805055927,0.000188374248803829
-0.00867712846658891,-0.00539712744568364,-0.0155236299310184,0.0261148462828881,6.47360415302511e-05,0.00353975050363405,-0.00542849874500592,0.069269526185868,0.999276670668056,-0.0152462050768254,0.0351858892247167,0.0325545918543103,0.0200697723917931,0.00984108574064724,-0.00615989748545694,0.0155367009156841,-0.0172854607247226,0.0120927788922761,-0.0605578031119435,0.00504407529410771
-0.00243906111051629,0.00788089818640567,-0.0124353030073185,-0.0108852398976381,0.00114483897579037,0.00342210021121742,-0.0231770764686411,-0.0150713756946603,0.0241416795827591,0.983649502624136,0.0407405182470703,-0.00920349872070657,-0.0145073862035208,0.0185546870827478,0.000682997932913248,0.000287533254984971,0.00237201565280344,0.0164418391822258,0.0102553120246445,-0.00218907995908619
0.00377844270446297,-0.0168404384126189,0.0212853395391331,0.000167866518818195,-0.00734277798523345,-0.0112280618179935,0.0197577085228083,-0.00433758798068964,-0.0388814765152036,-0.0997993917409941,0.989106640754314,-0.0202616607468854,-0.0370004926236464,-0.0063299547646664,0.0520626375363901,0.0157750899458396,-0.00890429454379381,-0.0237336901834104,-0.029765709755768,0.00534030588074427
0.00578940748072447,-0.0306073949850217,0.0424782168589226,0.00649089306749472,-0.0213744092496486,-0.000581650117535803,0.0561282652911364,-0.0375339523581086,-0.0845919580037912,0.0578509766122723,0.0612653110824873,0.959177768082668,-0.0719327132953133,0.0103359982584849,0.0398150158460216,0.0045568667668262,-0.01332984713422,-0.00481769443893501,-0.0586081435772069,0.00713495972649022
-0.01177016728158,0.00729183424619411,-0.0289643809906267,0.00260211481249755,-0.00151398131559335,0.0106814992120467,-0.027560099238075,0.00704970548028922,-0.00521572555191696,-0.00456319534552815,0.0557051691927793,0.066018580906342,0.991757534748728,0.0341727447366082,0.00440228247903283,0.0165667808437466,-0.0293050905119313,0.0285166931262349,-0.0418833292284044,0.000474200870793558
0.00125618539336739,-0.00957101588716216,0.0178352302052714,0.00216956202118296,-0.00579190607384059,-0.00258934314823901,0.0238766191080925,-0.0188028958652521,-0.0449499065878142,0.0379688315299979,0.0501397066393281,-0.0192187147095092,0.0191549605921551,0.992887166018243,-0.0852852258679572,0.00206553112907551,-0.00598888185365977,-0.0694855182468166,-0.0178100535789559,0.00577061341086466
-0.00276538371677358,0.0040084488055659,0.00330403311344927,-0.00227368146014399,0.00138304477864222,-0.00357165057903323,-0.00336058738481582,0.00159781398022126,0.0327556492010847,-0.0243457177524981,-0.0310922280238954,0.00702555761835458,-0.0319643707336858,0.0928183745130534,0.99671379961223,0.0195241285275358,-0.0320909012109867,0.0629074755727106,-0.0316017193955303,-0.00090186659799192
-0.0018211323961404,0.00809170157070301,-0.00301171007588408,-0.00687124734965856,-0.0012750582511149,-0.00420605244794818,-0.0216402017203629,0.0163575045930549,0.068258862850189,-0.0452437019324161,-0.0871446470518824,0.0532048566445736,-0.0465997481579584,-0.0137920836303795,-0.0103156245781253,0.962071180278392,0.0585460723992686,0.0105568814908564,0.0250832752423177,-0.00988556959622908
0.000365476092941944,-0.00174896437505807,-0.000236036742721841,-0.000425715488001875,0.000546567785117052,0.000962086503667288,-0.00242611751070479,-0.00205821715901355,-0.00871822927905412,-0.0225166735487758,0.0203523888238677,-0.0157613276360546,0.0148433073605714,0.010924357877653,0.00640433094645745,-0.0517559825237221,1.00055501314863,0.00818717266786295,0.0283267769860101,-0.0016292870393141
0.000805632990773592,-0.00391543471265356,0.00650535393879275,0.00485997901791255,-0.00306336654419674,0.00417461269332352,0.00733847561835541,0.0096568503535532,0.0330497094619869,0.103464756867128,-0.0896277108906445,0.0469411356228308,-0.0410173787243128,-0.0558558941892631,0.0436792602199372,0.11970984615233,0.0189679491018664,0.387600098245472,-0.331428238575333,0.157245319506877
-0.000446666279239849,0.00125886803697609,-0.00206533083158866,0.00170530368086962,0.00134423834078214,0.0016140703837593,-0.00339723069520463,0.0129369971104299,0.0407551605548163,0.0591471547801871,-0.0802148981261444,0.0431754613695958,-0.0384747122559381,-0.03607084461284,0.0343285861248811,0.0856845679683573,0.0068302577506039,-0.436799545190283,0.784904185815379,0.00206403058649259
4.58501981923338e-06,0.0011551353896185,-0.00199233989896878,-0.000443080140594688,0.000633952135980826,-0.00010900925601474,0.00231515918242552,-0.00677232627780123,-0.0275026383012526,-0.0285893366916114,0.0511148656560185,-0.0257342150326058,0.0258724720386833,0.0256646742140163,-0.0214740496500826,-0.0379910454932262,-0.00554875945477443,0.224972336611015,0.189948873399805,0.931289225425928
